match_key,winner_sex_from_cand,candidate_reservation_raw,candidate_reservation_unique,candidate_reserved,candidate_caste,reservation_gender_conflict,reservation_caste_conflict
udaipur_nayagaon_mahuwal,0,ST,TRUE,0,ST,TRUE,FALSE
udaipur_girwa_bhoiyon ki pacholi,1,ST,TRUE,0,ST,TRUE,FALSE
udaipur_girwa_kalarwas,1,ST,TRUE,0,ST,TRUE,FALSE
pali_jaitaran_balunda,0,General,TRUE,0,GEN,TRUE,TRUE
pali_jaitaran_phalka,0,General,TRUE,0,GEN,TRUE,TRUE
pali_kharchi(mar.jun)_dhanla,1,General (Woman),TRUE,1,GEN,FALSE,TRUE
pratapgarh_peepal khoont_parthipura,NA,ST (Woman),TRUE,1,ST,FALSE,TRUE
pratapgarh_arnod_achlavada,1,ST,TRUE,0,ST,TRUE,FALSE
rajsamand_deogarh_vijaypura,1,SC,TRUE,0,SC,TRUE,FALSE
sawai madhopur_sawai madhopur_dondari b,1,SC,TRUE,0,SC,TRUE,FALSE
sawai madhopur_bonli_peepalda,1,ST (Woman),TRUE,1,ST,TRUE,FALSE
nagaur_molasar_dabda,1,OBC (Woman),TRUE,1,OBC,TRUE,FALSE
jodhpur_sekhala_bhalu anopgarh,1,OBC (Woman),TRUE,1,OBC,FALSE,TRUE
jodhpur_sekhala_khirja fatehsingh,1,SC (Woman),TRUE,1,SC,TRUE,FALSE
jodhpur_dechu_viramdevgarh,1,ST (Woman),TRUE,1,ST,FALSE,TRUE
jodhpur_shergarh_chaturpura,0,OBC,TRUE,0,OBC,FALSE,TRUE
jodhpur_shergarh_kishor nagar,1,OBC (Woman),TRUE,1,OBC,FALSE,TRUE
jodhpur_shergarh_meerpura,0,OBC,TRUE,0,OBC,FALSE,TRUE
kota_sangod_danta,0,OBC,TRUE,0,OBC,FALSE,TRUE
kota_sangod_devli,1,SC,TRUE,0,SC,TRUE,FALSE
kota_sangod_dhulet,1,OBC,TRUE,0,OBC,TRUE,FALSE
kota_sangod_kanwas,1,SC,TRUE,0,SC,TRUE,FALSE
kota_sangod_khajurna,0,OBC,TRUE,0,OBC,FALSE,TRUE
kota_sangod_kundanpur,1,OBC (Woman),TRUE,1,OBC,FALSE,TRUE
kota_sangod_laturi,0,OBC,TRUE,0,OBC,FALSE,TRUE
kota_sangod_sawanbhado,1,General,TRUE,0,GEN,TRUE,FALSE
jodhpur_chamu_godelai,0,OBC,TRUE,0,OBC,FALSE,TRUE
jodhpur_chamu_gopalpura,1,SC,TRUE,0,SC,TRUE,FALSE
jodhpur_chamu_nathdau,0,General,TRUE,0,GEN,TRUE,FALSE
kota_sultanpur_badod,1,ST,TRUE,0,ST,TRUE,FALSE
kota_sultanpur_dungarjya,1,SC,TRUE,0,SC,TRUE,FALSE
kota_sultanpur_gadhepan,1,OBC (Woman),TRUE,1,OBC,TRUE,FALSE
kota_sultanpur_jalimpura,1,SC,TRUE,0,SC,TRUE,FALSE
jodhpur_bilara_jaswantpura,1,OBC (Woman),TRUE,1,OBC,TRUE,FALSE
jodhpur_bilara_khariya mithapur,1,OBC (Woman),TRUE,1,OBC,TRUE,FALSE
jodhpur_balesar_bhandu jati,1,OBC,TRUE,0,OBC,FALSE,TRUE
jodhpur_balesar_birai,1,OBC (Woman),TRUE,1,OBC,FALSE,TRUE
jodhpur_balesar_dhadhinya bhayala,0,OBC,TRUE,0,OBC,FALSE,TRUE
jodhpur_balesar_khariberi,1,OBC (Woman),TRUE,1,OBC,FALSE,TRUE
jodhpur_balesar_khonri,1,OBC (Woman),TRUE,1,OBC,FALSE,TRUE
jodhpur_balesar_utambar,0,OBC,TRUE,0,OBC,FALSE,TRUE
kota_khairabad_khimach,0,ST,TRUE,0,ST,FALSE,TRUE
kota_itawa_jorawarpura,1,ST,TRUE,0,ST,TRUE,FALSE
kota_itawa_khatoli,1,SC,TRUE,0,SC,TRUE,FALSE
kota_itawa_lakshmipura,1,General,TRUE,0,GEN,TRUE,FALSE
kota_itawa_ranodiya,1,SC,TRUE,0,SC,TRUE,FALSE
kota_itawa_sahnanavada,1,ST,TRUE,0,ST,TRUE,FALSE
jalor_raniwara_meda,1,General (Woman),TRUE,1,GEN,TRUE,FALSE
jodhpur_aau_moriya,1,OBC (Woman),TRUE,1,OBC,FALSE,TRUE
jhalawar_dag_kitiva,1,OBC (Woman),TRUE,1,OBC,TRUE,FALSE
jaisalmer_nachana_bharevala,1,General,TRUE,0,GEN,TRUE,FALSE
hanumangarh_tibbi_dabli kalan,0,OBC,TRUE,0,OBC,FALSE,TRUE
hanumangarh_rawatsar_22 ag,0,General,TRUE,0,GEN,FALSE,TRUE
ganganagar_raisinghnagar_1 nzpa,1,General (Woman),TRUE,1,GEN,FALSE,TRUE
ganganagar_raisinghnagar_4 sad malsar,1,SC (Woman),TRUE,1,SC,TRUE,FALSE
ganganagar_raisinghnagar_78 rbb,1,General (Woman),TRUE,1,GEN,TRUE,FALSE
ganganagar_raisinghnagar_bhompura,NA,SC,TRUE,0,SC,FALSE,TRUE
hanumangarh_nohar_bhukarka,0,General,TRUE,0,GEN,TRUE,FALSE
ganganagar_gharsana_17 kndkhanuwali,1,General (Woman),TRUE,1,GEN,FALSE,TRUE
ganganagar_karanpur_36 h naggi,1,SC,TRUE,0,SC,TRUE,FALSE
ganganagar_anupgarh_4 msr,0,General,TRUE,0,GEN,FALSE,TRUE
jaipur_jalsu_devgada,0,General,TRUE,0,GEN,TRUE,FALSE
jaipur_jalsu_raithal,0,General,TRUE,0,GEN,FALSE,TRUE
dungarpur_aspur_nepalpura,0,ST,TRUE,0,ST,TRUE,FALSE
dungarpur_aspur_paradietawar,1,ST (Woman),TRUE,1,ST,TRUE,FALSE
dungarpur_galiyakoat_baba ki bar,0,ST,TRUE,0,ST,TRUE,FALSE
dungarpur_galiyakoat_modra ka daulatpura,1,ST (Woman),TRUE,1,ST,TRUE,FALSE
bikaner_panchoo_rasisar,1,SC (Woman),TRUE,1,SC,TRUE,FALSE
bundi_talera_dehit,0,General,TRUE,0,GEN,FALSE,TRUE
bikaner_sri dungargarh_kalyanasar,1,SC (Woman),TRUE,1,SC,TRUE,FALSE
bikaner_sri dungargarh_samandsar,1,OBC (Woman),TRUE,1,OBC,TRUE,FALSE
bundi_nainwa_kolaheda,1,SC,TRUE,0,SC,TRUE,FALSE
chittaurgarh_nimbahera_marjivi,1,SC (Woman),TRUE,1,SC,TRUE,TRUE
chittaurgarh_nimbahera_melana,1,SC,TRUE,0,SC,TRUE,FALSE
chittaurgarh_bhadesar_bhadesar,1,General (Woman),TRUE,1,GEN,FALSE,TRUE
chittaurgarh_bhadesar_kannoj,1,General (Woman),TRUE,1,GEN,TRUE,FALSE
chittaurgarh_bhadesar_piplwas,1,General (Woman),TRUE,1,GEN,FALSE,TRUE
barmer_aadel_goliya jetmal,1,General (Woman),TRUE,1,GEN,FALSE,TRUE
barmer_aadel_malpura,1,SC (Woman),TRUE,1,SC,TRUE,FALSE
barmer_aadel_ranasar khurd,1,General,TRUE,0,GEN,FALSE,TRUE
barmer_samdari_ratdi,0,ST,TRUE,0,ST,TRUE,FALSE
barmer_samdari_silor,0,General,TRUE,0,GEN,TRUE,FALSE
barmer_kalyanpur_tirsinghgadi sodha,1,SC (Woman),TRUE,1,SC,TRUE,FALSE
barmer_patodi_mohanpura,1,ST (Woman),TRUE,1,ST,FALSE,TRUE
barmer_patodi_patodi,0,ST,TRUE,0,ST,FALSE,TRUE
bharatpur_kumher_baurai,1,General (Woman),TRUE,1,GEN,FALSE,TRUE
bharatpur_kumher_lakhan,1,General (Woman),TRUE,1,GEN,FALSE,TRUE
bharatpur_kumher_rundh helak,1,SC,TRUE,0,SC,TRUE,FALSE
bharatpur_bhusawar_itamada,1,SC (Woman),TRUE,1,SC,TRUE,FALSE
baran_atru_ratanpura,0,ST,TRUE,0,ST,TRUE,TRUE
banswara_ghatol_dungar,1,ST (Woman),TRUE,1,ST,TRUE,FALSE
ajmer_srinagar_samproda,1,General (Woman),TRUE,1,GEN,TRUE,TRUE
alwar_malakheda_haldina,0,General,TRUE,0,GEN,FALSE,TRUE
alwar_ramgarh_douheli,0,General,TRUE,0,GEN,FALSE,TRUE
alwar_ramgarh_hajipur,1,OBC,TRUE,0,OBC,FALSE,TRUE
alwar_ramgarh_milakpur,1,OBC (Woman),TRUE,1,OBC,TRUE,FALSE
alwar_kishangarh bas_ghamukad,0,General,TRUE,0,GEN,FALSE,TRUE
alwar_reni_bhuleri,1,SC (Woman),TRUE,1,SC,FALSE,TRUE
alwar_reni_doroli,1,General (Woman),TRUE,1,GEN,FALSE,TRUE
alwar_tijara_hamiraka,1,OBC (Woman),TRUE,1,OBC,FALSE,TRUE
karauli_hindaun_kayarda khurd,1,ST (Woman),TRUE,1,ST,FALSE,TRUE
udaipur_sayra_dhol,0,ST,TRUE,0,ST,TRUE,FALSE
udaipur_semari_bhorai,1,ST (Woman),TRUE,1,ST,TRUE,FALSE
jaipur_sambhar_akoda,1,General (Woman),TRUE,1,GEN,FALSE,TRUE
jaipur_sambhar_chainupara,1,SC (Woman),TRUE,1,SC,TRUE,FALSE
jaipur_sambhar_hirnoda,1,SC (Woman),TRUE,1,SC,TRUE,FALSE
jaipur_sambhar_jaisinghpura,1,General (Woman),TRUE,1,GEN,TRUE,FALSE
jaipur_sambhar_kajipura,0,General,TRUE,0,GEN,FALSE,TRUE
jaipur_sambhar_sursinghpura,1,General (Woman),TRUE,1,GEN,TRUE,FALSE
jaipur_sambhar_tejya ka bas,1,General (Woman),TRUE,1,GEN,TRUE,TRUE
jaipur_sambhar_tyod,0,General,TRUE,0,GEN,FALSE,TRUE
jaipur_chaksu_badli,1,General,TRUE,0,GEN,TRUE,FALSE
jaipur_chaksu_barkheda,0,General (Woman),TRUE,1,GEN,TRUE,FALSE
jaipur_jamwa ramgarh_bilod,1,ST,TRUE,0,ST,FALSE,TRUE
jaipur_jamwa ramgarh_khavarneej,1,General (Woman),TRUE,1,GEN,TRUE,FALSE
pratapgarh_dalot_ambirama,1,ST (Woman),TRUE,1,ST,TRUE,FALSE
jodhpur_peepad sahar_paldisiddha,1,SC (Woman),TRUE,1,SC,FALSE,TRUE
jodhpur_peepad sahar_sovniya,1,SC (Woman),TRUE,1,SC,FALSE,TRUE
jodhpur_aau_udaynagar,1,OBC,TRUE,0,OBC,FALSE,TRUE
jaisalmer_nachana_jaliwala,0,OBC,TRUE,0,OBC,FALSE,TRUE
jaisalmer_nachana_nokh,1,General (Woman),TRUE,1,GEN,TRUE,FALSE
jaisalmer_nachana_panche ka tla,1,OBC,TRUE,0,OBC,FALSE,TRUE
jaisalmer_sam_adbala,1,General (Woman),TRUE,1,GEN,TRUE,FALSE
jaisalmer_sam_balidad ki basti,1,OBC (Woman),TRUE,1,OBC,TRUE,FALSE
jaisalmer_sam_bida,1,OBC (Woman),TRUE,1,OBC,TRUE,FALSE
jaisalmer_sam_dabadi,1,SC (Woman),TRUE,1,SC,TRUE,FALSE
jaisalmer_sam_dav,1,General (Woman),TRUE,1,GEN,TRUE,FALSE
jaisalmer_sam_dhanana,1,OBC (Woman),TRUE,1,OBC,TRUE,FALSE
jaisalmer_sam_fuliya,1,SC (Woman),TRUE,1,SC,TRUE,FALSE
jaisalmer_sam_harnau,1,OBC (Woman),TRUE,1,OBC,TRUE,FALSE
jaisalmer_sam_hatar,1,SC (Woman),TRUE,1,SC,TRUE,FALSE
jaisalmer_sam_kanoi,1,OBC (Woman),TRUE,1,OBC,TRUE,FALSE
jaisalmer_sam_khuivala,0,General,TRUE,0,GEN,FALSE,TRUE
jaisalmer_sam_kolutala,1,ST (Woman),TRUE,1,ST,TRUE,FALSE
jaisalmer_sam_myajlar,1,General (Woman),TRUE,1,GEN,TRUE,FALSE
jaisalmer_sam_pochhnida,1,General (Woman),TRUE,1,GEN,TRUE,FALSE
jaisalmer_sam_sam,1,General,TRUE,0,GEN,FALSE,TRUE
jaisalmer_sam_sipla,1,General (Woman),TRUE,1,GEN,TRUE,FALSE
jaisalmer_sam_tanot,1,General (Woman),TRUE,1,GEN,TRUE,FALSE
jaisalmer_sam_tejpala,1,OBC (Woman),TRUE,1,OBC,TRUE,FALSE
nagaur_parbatsar_rohindi,NA,SC (Woman),TRUE,1,SC,FALSE,TRUE
nagaur_didwana_koliya,1,General (Woman),TRUE,1,GEN,FALSE,TRUE
ganganagar_anupgarh_8 kb,1,OBC,TRUE,0,OBC,TRUE,TRUE
jaisalmer_fathegarh_rama,1,OBC (Woman),TRUE,1,OBC,TRUE,TRUE
ganganagar_suratgarh_manaksar,1,SC (Woman),TRUE,1,SC,TRUE,FALSE
jaisalmer_jaisalmer_darbari ka ganv,1,ST (Woman),TRUE,1,ST,FALSE,TRUE
jodhpur_luni_khaarda randhir,1,SC (Woman),TRUE,1,SC,FALSE,TRUE
jodhpur_luni_khejl kalan,1,OBC,TRUE,0,OBC,TRUE,TRUE
jodhpur_lohawat_hansadesh,1,OBC (Woman),TRUE,1,OBC,FALSE,TRUE
jodhpur_lohawat_kushlawa,1,SC (Woman),TRUE,1,SC,TRUE,FALSE
jodhpur_dechu_masjid ki dhani,1,OBC (Woman),TRUE,1,OBC,TRUE,TRUE
jodhpur_dechu_riddmalnagar,1,General (Woman),TRUE,1,GEN,TRUE,FALSE
jodhpur_osian_bursalu kala,1,ST (Woman),TRUE,1,ST,TRUE,FALSE
jodhpur_ghantiyali_jaisla,1,General (Woman),TRUE,1,GEN,FALSE,TRUE
jodhpur_dhawa_subdand,0,General,TRUE,0,GEN,TRUE,FALSE
jodhpur_bapini_motaniya nagar,1,OBC (Woman),TRUE,1,OBC,FALSE,TRUE
jodhpur_bap_bhadla,1,General (Woman),TRUE,1,GEN,FALSE,TRUE
jodhpur_bap_bhakhriya,1,SC (Woman),TRUE,1,SC,TRUE,FALSE
jodhpur_bawadi_lavera khurd,1,SC,TRUE,0,SC,TRUE,FALSE
dausa_lalsot_talavgaon,1,ST (Woman),TRUE,1,ST,TRUE,FALSE
dausa_dausa_bane ka barkheda,1,General (Woman),TRUE,1,GEN,TRUE,TRUE
dausa_dausa_bhandarej,0,General,TRUE,0,GEN,FALSE,TRUE
dausa_dausa_bishanpura,0,General,TRUE,0,GEN,FALSE,TRUE
dausa_dausa_boroda,1,SC (Woman),TRUE,1,SC,TRUE,FALSE
dausa_dausa_chawandeda,1,General (Woman),TRUE,1,GEN,TRUE,TRUE
dausa_dausa_chordi,1,General (Woman),TRUE,1,GEN,TRUE,TRUE
dausa_dausa_ganeshpura,0,General,TRUE,0,GEN,FALSE,TRUE
dausa_dausa_jasota,1,General,TRUE,0,GEN,FALSE,TRUE
dausa_dausa_jopada,1,General (Woman),TRUE,1,GEN,TRUE,FALSE
dausa_dausa_kabaleshwer,1,General (Woman),TRUE,1,GEN,TRUE,TRUE
dausa_dausa_nangal chapa,0,General,TRUE,0,GEN,FALSE,TRUE
dausa_dausa_nimali,1,SC (Woman),TRUE,1,SC,TRUE,FALSE
dausa_dausa_ralavata,1,OBC (Woman),TRUE,1,OBC,TRUE,FALSE
dausa_dausa_surajpura,1,General (Woman),TRUE,1,GEN,TRUE,TRUE
barmer_sedwa_bhanwar,1,ST (Woman),TRUE,1,ST,TRUE,FALSE
barmer_sedwa_sinhar,1,SC (Woman),TRUE,1,SC,FALSE,TRUE
barmer_siwana_bhagwa raghunathgarh,1,SC (Woman),TRUE,1,SC,TRUE,FALSE
barmer_siwana_khankhi,1,ST (Woman),TRUE,1,ST,TRUE,FALSE
dausa_mahwa_gajipur,0,ST,TRUE,0,ST,FALSE,TRUE
dausa_mahwa_kesra,1,ST,TRUE,0,ST,TRUE,FALSE
dausa_mahwa_oundh meena,1,OBC,TRUE,0,OBC,TRUE,FALSE
dausa_mahwa_peepalkheda,1,General,TRUE,0,GEN,TRUE,FALSE
dausa_mahwa_sayapur pakhar,1,ST,TRUE,0,ST,TRUE,FALSE
dausa_mahwa_teekari kilanot,1,General,TRUE,0,GEN,TRUE,FALSE
dausa_lawan_dhigariya,0,General,TRUE,0,GEN,FALSE,TRUE
dausa_lawan_lawan,1,SC (Woman),TRUE,1,SC,TRUE,FALSE
dausa_baijupada_alipur,1,ST (Woman),TRUE,1,ST,TRUE,FALSE
dausa_baijupada_badial kalan,1,General (Woman),TRUE,1,GEN,TRUE,TRUE
dausa_baijupada_baijupada,1,ST (Woman),TRUE,1,ST,TRUE,FALSE
dausa_baijupada_balaheda,1,SC (Woman),TRUE,1,SC,TRUE,FALSE
dausa_baijupada_bivai,0,General,TRUE,0,GEN,FALSE,TRUE
dausa_baijupada_dhigariya bheem,1,General (Woman),TRUE,1,GEN,TRUE,TRUE
dausa_baijupada_golada,1,General (Woman),TRUE,1,GEN,TRUE,TRUE
dausa_baijupada_khedi,1,SC (Woman),TRUE,1,SC,TRUE,FALSE
dausa_baijupada_nangal jharamwada,1,General (Woman),TRUE,1,GEN,TRUE,TRUE
dausa_baijupada_nihalpura,1,General (Woman),TRUE,1,GEN,TRUE,TRUE
dausa_baijupada_pundarpada,0,General,TRUE,0,GEN,FALSE,TRUE
barmer_chohtan_goliyar,1,SC (Woman),TRUE,1,SC,FALSE,TRUE
bikaner_bikaner_jaalwali,1,General (Woman),TRUE,1,GEN,TRUE,TRUE
bikaner_bikaner_kilchu devdan,1,OBC (Woman),TRUE,1,OBC,TRUE,FALSE
churu_rajgarh_jaswantpura,1,SC (Woman),TRUE,1,SC,TRUE,FALSE
churu_rajgarh_nashal,1,OBC (Woman),TRUE,1,OBC,TRUE,FALSE
churu_rajgarh_thimaun chothi,1,General (Woman),TRUE,1,GEN,FALSE,TRUE
ajmer_sawar_jadana,0,SC,TRUE,0,SC,FALSE,TRUE
ajmer_sawar_bajata,1,SC (Woman),TRUE,1,SC,FALSE,TRUE
ajmer_sawar_para,0,SC,TRUE,0,SC,FALSE,TRUE
ajmer_sawar_sadara,0,General,TRUE,0,GEN,TRUE,TRUE
alwar_bansur_ratanpura urf karana,0,General,TRUE,0,GEN,TRUE,FALSE
alwar_thanagazi_ajabpura,1,General (Woman),TRUE,1,GEN,TRUE,FALSE
alwar_thanagazi_chandpuri,1,General (Woman),TRUE,1,GEN,TRUE,FALSE
alwar_thanagazi_duharchougan,1,SC (Woman),TRUE,1,SC,TRUE,FALSE
