"term","estimate","std.error","statistic","p.value","conf.low","conf.high","state","panel","distance","n"
"treat_2005",0.0135989566064367,0.021587811396377,0.629936789642277,0.529363969328603,-0.028937176565714,0.0561350897785874,"raj","05_10","mean",2684
"near_town",-0.0100044918214152,0.0166420115152741,-0.60115880897168,0.548328805667268,-0.0427955332599635,0.0227865496171331,"raj","05_10","mean",2684
"high_infra",-0.00106551504101505,0.0169250190380425,-0.0629550276203581,0.949857231279825,-0.0344141880734367,0.0322831579914066,"raj","05_10","mean",2684
"high_f_literacy",-0.00819591167566021,0.018981855306815,-0.431776111617374,0.666310385044662,-0.0455973281675926,0.0292055048162721,"raj","05_10","mean",2684
"treat_2005:near_town",-0.0229510351609067,0.0247485481351946,-0.927368952535372,0.354711373892652,-0.071715012201798,0.0258129418799846,"raj","05_10","mean",2684
"treat_2005:high_infra",-0.00740077653611117,0.0293042891694583,-0.252549259711253,0.800843083048557,-0.0651412822196324,0.05033972914741,"raj","05_10","mean",2684
"treat_2005:high_f_literacy",0.0348748330038589,0.0244961592650162,1.42368575524673,0.15589852713183,-0.0133918427406686,0.0831415087483864,"raj","05_10","mean",2684
"treat_2005",0.00379794611423878,0.0216663090863115,0.175292713637057,0.861004531424347,-0.0388928571229525,0.0464887493514301,"raj","05_10","minimum",2684
"near_town",-0.00478519377257964,0.0161485193025239,-0.29632399620885,0.767251222200649,-0.0366038693656267,0.0270334818204674,"raj","05_10","minimum",2684
"high_infra",-0.000827824690732494,0.0169083529028602,-0.0489595110469016,0.960994236603689,-0.03414365914899,0.032488009767525,"raj","05_10","minimum",2684
"high_f_literacy",-0.00859651207155336,0.0188945587689964,-0.454972893342137,0.649559767378369,-0.0458259214484549,0.0286328973053482,"raj","05_10","minimum",2684
"treat_2005:near_town",-0.000190318558110556,0.0235191501745883,-0.00809206781273026,0.993550579472623,-0.0465319177852557,0.0461512806690346,"raj","05_10","minimum",2684
"treat_2005:high_infra",-0.00853575700952273,0.0292868970585552,-0.291453102472981,0.770968634608255,-0.0662419936728113,0.0491704796537659,"raj","05_10","minimum",2684
"treat_2005:high_f_literacy",0.0318819270697095,0.0241904348097115,1.31795593260317,0.188835264916368,-0.0157823561531282,0.0795462102925471,"raj","05_10","minimum",2684
"treat_2010",-0.034675375419641,0.0216603534841958,-1.60086839972124,0.110784660914625,-0.0773544438737148,0.00800369303443287,"raj","10_15","mean",2343
"near_town",0.0208332501289376,0.0238903227176023,0.872037199965816,0.384101450395665,-0.0262396990451566,0.0679061993030319,"raj","10_15","mean",2343
"high_infra",-0.00633204250057097,0.0188149414013623,-0.336543301703426,0.736769400371186,-0.043404575624928,0.0307404906237861,"raj","10_15","mean",2343
"high_f_literacy",-0.0161521298716405,0.0232610112336626,-0.694386400891533,0.488143775787495,-0.0619850979936438,0.0296808382503628,"raj","10_15","mean",2343
"treat_2010:near_town",-0.00507809440436201,0.0247196084488445,-0.205427784783516,0.837420406794132,-0.0537850493446825,0.0436288605359584,"raj","10_15","mean",2343
"treat_2010:high_infra",0.0159328704609128,0.0244170267820415,0.652531145709817,0.514713073005965,-0.032177884436788,0.0640436253586136,"raj","10_15","mean",2343
"treat_2010:high_f_literacy",0.00523314434071535,0.0248171858221843,0.2108677582628,0.833177983392294,-0.0436660748394005,0.0541323635208312,"raj","10_15","mean",2343
"treat_2010",-0.0367127354321894,0.0223297721183478,-1.64411599176257,0.101524349741771,-0.0807108111560316,0.00728534029165272,"raj","10_15","minimum",2343
"near_town",0.00845609903395944,0.0219243608966676,0.385694209004046,0.700081203639583,-0.0347431636282785,0.0516553616961974,"raj","10_15","minimum",2343
"high_infra",-0.00678637056608054,0.0188389362087365,-0.360231092185205,0.719006350880149,-0.0439061825138054,0.0303334413816443,"raj","10_15","minimum",2343
"high_f_literacy",-0.0150794422064882,0.0232021961325201,-0.649914435700889,0.516398906382898,-0.0607965223892838,0.0306376379763074,"raj","10_15","minimum",2343
"treat_2010:near_town",-0.00094553556175444,0.0241620278550639,-0.039133121086783,0.968818348729364,-0.0485538463664661,0.0466627752429572,"raj","10_15","minimum",2343
"treat_2010:high_infra",0.0166779880836305,0.024364289967818,0.684525923212203,0.494335317274181,-0.0313288553933295,0.0646848315605904,"raj","10_15","minimum",2343
"treat_2010:high_f_literacy",0.0049480889686171,0.0247405824905666,0.199998887273724,0.841658941508665,-0.043800192747052,0.0536963706842862,"raj","10_15","minimum",2343
"treat_2015",-0.0413109555476567,0.0265699531187966,-1.55479971541356,0.121380740976032,-0.0936650074543483,0.0110430963590348,"raj","15_20","mean",2279
"near_town",-0.0432193857507874,0.0246012731512325,-1.75679467827144,0.0802951633913809,-0.0916943049864995,0.00525553348492475,"raj","15_20","mean",2279
"high_infra",0.00923394977923288,0.0269198714500488,0.343016117159658,0.731902386303051,-0.0438095893235998,0.0622774888820656,"raj","15_20","mean",2279
"high_f_literacy",-0.0644524502829594,0.027282230054645,-2.36243335511299,0.0189966538887786,-0.118209989185078,-0.0106949113808405,"raj","15_20","mean",2279
"treat_2015:near_town",0.0421205996631557,0.0288598877532423,1.45948591426603,0.14580780140505,-0.014745592561536,0.0989867918878475,"raj","15_20","mean",2279
"treat_2015:high_infra",-0.0475689899531125,0.0332056185323744,-1.43255846617446,0.153353680861614,-0.112998110902817,0.0178601309965923,"raj","15_20","mean",2279
"treat_2015:high_f_literacy",0.0533198075623346,0.0289711702336663,1.84044369393038,0.0670027468977706,-0.00376565824294557,0.110405273367615,"raj","15_20","mean",2279
"treat_2015",-0.0306020353297206,0.0265675257983817,-1.15185868499598,0.250585524122681,-0.0829513043879656,0.0217472337285244,"raj","15_20","minimum",2279
"near_town",-0.0374463667256678,0.0238323961998036,-1.57123800778271,0.117514058907774,-0.0844062729824338,0.00951353953109828,"raj","15_20","minimum",2279
"high_infra",0.00712866148193388,0.0268552602968855,0.265447491594808,0.790904606248752,-0.045787566306071,0.0600448892699388,"raj","15_20","minimum",2279
"high_f_literacy",-0.0667569192050194,0.0273314721601187,-2.44249262586116,0.015347050582343,-0.120611485893918,-0.0129023525161206,"raj","15_20","minimum",2279
"treat_2015:near_town",0.0159970110883535,0.0278656738663205,0.574075874321062,0.566482361667624,-0.0389101590330801,0.0709041812097872,"raj","15_20","minimum",2279
"treat_2015:high_infra",-0.0472162678449624,0.0330501263945525,-1.42862593871184,0.15448027093373,-0.112339003479713,0.0179064677897885,"raj","15_20","minimum",2279
"treat_2015:high_f_literacy",0.0575981676925721,0.0293604886595256,1.96175780180297,0.0510075256543768,-0.000254420169135419,0.11545075555428,"raj","15_20","minimum",2279
"treat_2005",-0.00507342057907518,0.0118076625051781,-0.429671882716016,0.667682439647564,-0.0282913504103309,0.0181445092521805,"up","05_10","mean",11971
"near_town",-0.0175327361086835,0.00964601993962886,-1.81761350468015,0.0699253816040331,-0.0365001324084152,0.00143466019104827,"up","05_10","mean",11971
"high_infra",-0.00844709379832746,0.0089582956433379,-0.942935367913359,0.346324291159876,-0.026062187349947,0.00916799975329211,"up","05_10","mean",11971
"high_f_literacy",-0.0133136906301467,0.00939756435248751,-1.41671715465536,0.157400266861037,-0.0317925377029759,0.00516515644268244,"up","05_10","mean",11971
"treat_2005:near_town",0.0156307598002438,0.0129136554741657,1.21040551465183,0.226889772867769,-0.00976193299841154,0.0410234525988992,"up","05_10","mean",11971
"treat_2005:high_infra",0.0203577057328768,0.013495365560353,1.50849605680072,0.132274145380566,-0.00617882937642298,0.0468942408421765,"up","05_10","mean",11971
"treat_2005:high_f_literacy",-0.00142569969182437,0.0123883816334195,-0.115083610919632,0.908440776535676,-0.0257855232692186,0.0229341238855699,"up","05_10","mean",11971
"treat_2005",-0.00625680542941237,0.012048349688911,-0.519308087079426,0.603853911893647,-0.0299480091318294,0.0174343982730047,"up","05_10","minimum",11971
"near_town",-0.0197783656735381,0.0097086138963997,-2.03719767668098,0.0423357114338941,-0.0388688432432103,-0.000687888103865893,"up","05_10","minimum",11971
"high_infra",-0.00850834000489078,0.00896013924307443,-0.949576761484721,0.342942189049583,-0.0261270587083387,0.00911037869855719,"up","05_10","minimum",11971
"high_f_literacy",-0.0132155637369625,0.00940516426729576,-1.40513906630174,0.160812218870839,-0.0317093548589346,0.00527822738500968,"up","05_10","minimum",11971
"treat_2005:near_town",0.0169187386339851,0.012993964574457,1.30204592578644,0.193704153015523,-0.00863186950604775,0.0424693467740179,"up","05_10","minimum",11971
"treat_2005:high_infra",0.0204462205126404,0.0134971901604075,1.5148501480417,0.130657273181997,-0.00609390238857139,0.0469863434138522,"up","05_10","minimum",11971
"treat_2005:high_f_literacy",-0.00151024746020057,0.0123914937663876,-0.121877756521749,0.90306146561031,-0.025876190562509,0.0228556956421078,"up","05_10","minimum",11971
"treat_2010",-0.000779823058531515,0.0158693846161761,-0.0491400944266369,0.96083919426886,-0.0320047596018927,0.0304451134848296,"up","10_15","mean",9358
"near_town",-0.0011413403136669,0.00995878688410417,-0.114606359885928,0.908831093300195,-0.0207364598489283,0.0184537792215945,"up","10_15","mean",9358
"high_infra",-0.0013391044833354,0.0108258974525507,-0.123694547191549,0.901637032605605,-0.0226403690979858,0.019962160131315,"up","10_15","mean",9358
"high_f_literacy",0.00308521333561272,0.0114266293717668,0.270002048306192,0.787337751174671,-0.0193980640987392,0.0255684907699646,"up","10_15","mean",9358
"treat_2010:near_town",0.0234624212078198,0.0169873752386527,1.38116812504582,0.168218845949507,-0.009962297311165,0.0568871397268046,"up","10_15","mean",9358
"treat_2010:high_infra",0.0108868064740398,0.0165155852592396,0.659183813540556,0.51026552013097,-0.0216096081109695,0.0433832210590491,"up","10_15","mean",9358
"treat_2010:high_f_literacy",-0.0111193162692553,0.017555086099188,-0.633395712583241,0.526940772339585,-0.0456610746750372,0.0234224421365265,"up","10_15","mean",9358
"treat_2010",-0.000688478227763301,0.0159354898983533,-0.0432040829717099,0.965566575515088,-0.0320434849213595,0.0306665284658328,"up","10_15","minimum",9358
"near_town",9.96711297097696e-05,0.0100274556989116,0.009939822493615,0.992075672695656,-0.0196305626167659,0.0198299048761854,"up","10_15","minimum",9358
"high_infra",-0.00137392946428529,0.0108190881934464,-0.126991243598286,0.899029394839434,-0.02266179603682,0.0199139371082494,"up","10_15","minimum",9358
"high_f_literacy",0.00312144309771037,0.0114172601506889,0.273396861988997,0.784729633826505,-0.0193433992592461,0.0255862854546668,"up","10_15","minimum",9358
"treat_2010:near_town",0.0221225407543464,0.0169593127283168,1.30444795191545,0.193045399120874,-0.0112469613762478,0.0554920428849405,"up","10_15","minimum",9358
"treat_2010:high_infra",0.0109308978361626,0.0165066084759433,0.662213431189895,0.508324853797492,-0.0215478538403237,0.0434096495126489,"up","10_15","minimum",9358
"treat_2010:high_f_literacy",-0.0111604905317142,0.01757557338681,-0.635000081424931,0.525895251277065,-0.0457425601575853,0.0234215790941569,"up","10_15","minimum",9358
"treat_2015",0.0574587046705107,0.0169323346961244,3.39343071712741,0.000795791381427785,0.0241196779130041,0.0907977314280174,"up","15_21","mean",6301
"near_town",0.00419930652103241,0.0141620907651476,0.296517413330434,0.76706722836699,-0.0236852310477627,0.0320838440898275,"up","15_21","mean",6301
"high_infra",-0.0083415553844925,0.0135501688187183,-0.615605273712118,0.538683410626051,-0.0350212453931823,0.0183381346241973,"up","15_21","mean",6301
"high_f_literacy",-0.00470628069527434,0.0142621638716434,-0.329983636258138,0.741673029410156,-0.0327878578356965,0.0233752964451478,"up","15_21","mean",6301
"treat_2015:near_town",-0.0117011217952757,0.0192586407405047,-0.607577759663273,0.543987844249262,-0.0496205434511595,0.0262182998606082,"up","15_21","mean",6301
"treat_2015:high_infra",-0.0251817490186946,0.0203514810868068,-1.23734232959679,0.217055293663647,-0.0652529255389203,0.014889427501531,"up","15_21","mean",6301
"treat_2015:high_f_literacy",-0.00965505156157886,0.0191832502347568,-0.503306345036648,0.615166991846713,-0.0474260326076178,0.0281159294844601,"up","15_21","mean",6301
"treat_2015",0.0597567334075121,0.0174889039416801,3.41683696169763,0.000733075299243915,0.0253218461379737,0.0941916206770504,"up","15_21","minimum",6301
"near_town",0.00464776186768249,0.0140828067417794,0.330030934380005,0.7416373316058,-0.0230806689252928,0.0323761926606578,"up","15_21","minimum",6301
"high_infra",-0.00840137869581553,0.0135454314809416,-0.620237067208693,0.535634717327806,-0.0350717410935331,0.0182689837019021,"up","15_21","minimum",6301
"high_f_literacy",-0.00473331468632462,0.0142683827212014,-0.331734491484546,0.740351961476381,-0.0328271364696466,0.0233605070969974,"up","15_21","minimum",6301
"treat_2015:near_town",-0.0164743414954703,0.0203029245178683,-0.811427017864913,0.417848695055118,-0.0564499122542846,0.023501229263344,"up","15_21","minimum",6301
"treat_2015:high_infra",-0.02521327227538,0.0203461133426722,-1.23921811752124,0.216361131759834,-0.0652738799420752,0.0148473353913153,"up","15_21","minimum",6301
"treat_2015:high_f_literacy",-0.00948853365714652,0.0191905074108126,-0.49443891472095,0.62140586720735,-0.0472738037655652,0.0282967364512722,"up","15_21","minimum",6301
